 [
    {
      "product_name": "Beetroot",
      "product_img": "https://i.ibb.co/QD7WkgV/beetroot.jpg",
      "product_mrp": "70",
      "product_selling_price": "47",
      "quantity": "1 kg",
      "offer": "1",
      "deliveryCharges": "150",
      "product_type": "Vegetable",
      "discription": "This is fruit",
      "Farmer ID": "FA8527",
      "Product ID": "P1213",
      "id": 22,
      "selected": "1",
      "email":"saikumarreddy.g21@iiits.in",
      "date":"2023-09-12"
    },
    {
      "product_name": "Bitterguard",
      "product_img": "https://i.ibb.co/PhDrrcH/bittergourd.jpg",
      "product_mrp": "60",
      "product_selling_price": "399",
      "quantity": "1 kg",
      "offer": "5",
      "deliveryCharges": "100",
      "product_type": "Vegetable",
      "discription": "This is fruit",
      "Farmer ID": "FA4814",
      "Product ID": "P2324",
      "id": 23,
      "selected": "1",
      "email":"saikumarreddy.g21@iiits.in",
      "date":"2023-10-12"
    },
    {
      "product_name": "Black Grapes",
      "product_img": "https://i.ibb.co/F6fkYjC/blackgrapes.jpg",
      "product_mrp": "120",
      "product_selling_price": "250",
      "quantity": "1 kg",
      "offer": "8",
      "deliveryCharges": "70",
      "product_type": "Fruit",
      "discription": "This is fruit",
      "Farmer ID": "FA8527",
      "Product ID": "P3435",
      "id": 24,
      "selected": "1",
      "email":"saikumarreddy.g21@iiits.in",
      "date":"2023-11-12"
    },
    {
      "product_name": "Cabbage",
      "product_img": "https://i.ibb.co/xh6pTL9/cabbage.jpg",
      "product_mrp": "90",
      "product_selling_price": "90",
      "quantity": "1 kg",
      "offer": "15",
      "deliveryCharges": "150",
      "product_type": "Vegetable",
      "discription": "This is fruit",
      "Farmer ID": "FA4814",
      "Product ID": "P5432",
      "id": 26,
      "selected": "1",
      "email":"saikumarreddy.g21@iiits.in",
      "date":"2023-09-16"
    },
    {
      "product_name": "Carrot",
      "product_img": "https://i.ibb.co/Wv20J06/carrot.jpg",
      "product_mrp": "80",
      "product_selling_price": "15",
      "quantity": "1 kg",
      "offer": "1",
      "deliveryCharges": "100",
      "product_type": "Vegetable",
      "discription": "This is fruit",
      "Farmer ID": "FA2723",
      "Product ID": "P6543",
      "id": 27,
      "selected": "1",
      "email":"saikumarreddy.g21@iiits.in",
      "date":"2024-01-12"
    },
    {
      "product_name": "Cauliflower",
      "product_img": "https://i.ibb.co/SBnXdfC/cauliflower.jpg",
      "product_mrp": "70",
      "product_selling_price": "50",
      "quantity": "1 kg",
      "offer": "5",
      "deliveryCharges": "100",
      "product_type": "Vegetable",
      "discription": "This is fruit",
      "Farmer ID": "FA4814",
      "Product ID": "P7654",
      "id": 28,
      "selected": "1",
      "email":"saikumarreddy.g21@iiits.in",
      "date":"2023-10-12"
    },
    {
      "product_name": "Veg Corn",
      "product_img": "https://i.ibb.co/tx79QYW/cornveg.jpg",
      "product_mrp": "150",
      "product_selling_price": "140",
      "quantity": "1 kg",
      "offer": "4",
      "deliveryCharges": "50",
      "product_type": "Vegetable",
      "discription": "This is fruit",
      "Farmer ID": "FA6050",
      "Product ID": "P9876",
      "id": 30,
      "selected": "1",
      "email":"sampathtalada2003@gmail.com",
      "date":"2023-09-12"
    },
    {
      "product_name": "Dragon Fruit",
      "product_img": "https://i.ibb.co/vD1C9D2/dragonfruit.jpg",
      "product_mrp": "250",
      "product_selling_price": "140",
      "quantity": "1 kg",
      "offer": "2",
      "deliveryCharges": "100",
      "product_type": "Fruit",
      "discription": "This is fruit",
      "Farmer ID": "FA4814",
      "Product ID": "P2345",
      "id": 31,
      "selected": "1",
      "email":"sampathtalada2003@gmail.com",
      "date":"2023-08-12"
    },
    {
      "product_name": "Durian Fig",
      "product_img": "https://i.ibb.co/hKyGqhN/fig.jpg",
      "product_mrp": "120",
      "product_selling_price": "110",
      "quantity": "1 kg",
      "offer": "4",
      "deliveryCharges": "50",
      "product_type": "Fruit",
      "discription": "This is fruit",
      "Farmer ID": "FA2723",
      "Product ID": "P3456",
      "id": 32,
      "selected": "1",
      "email":"sampathtalada2003@gmail.com",
      "date":"2023-11-01"
    },
    {
      "product_name": "Garlic",
      "product_img": "https://i.ibb.co/dpxXPYx/garlic.jpg",
      "product_mrp": "80",
      "product_selling_price": "64",
      "quantity": "1 kg",
      "offer": "1",
      "deliveryCharges": "150",
      "product_type": "Vegetable",
      "discription": "This is fruit",
      "Farmer ID": "FA6050",
      "Product ID": "P4567",
      "id": 33,
      "selected": "1",
      "email":"sampathtalada2003@gmail.com",
      "date":"2023-08-12"
    },
    {
      "product_name": "Ginger",
      "product_img": "https://i.ibb.co/PWn5GVH/ginger.jpg",
      "product_mrp": "70",
      "product_selling_price": "65",
      "quantity": "1 kg",
      "offer": "8",
      "deliveryCharges": "50",
      "product_type": "Vegetable",
      "discription": "This is fruit",
      "Farmer ID": "FA3343",
      "Product ID": "P5678",
      "id": 34,
      "selected": "1",
      "email":"sampathtalada2003@gmail.com",
      "date":"2023-10-11"
    },
    {
      "product_name": "Green Capsicum",
      "product_img": "https://i.ibb.co/q79J4L4/greencapsicum.jpg",
      "product_mrp": "40",
      "product_selling_price": "11",
      "quantity": "1 kg",
      "offer": "1",
      "deliveryCharges": "150",
      "product_type": "Vegetable",
      "discription": "This is fruit",
      "Farmer ID": "FA3343",
      "Product ID": "P7890",
      "id": 36,
      "selected": "1",
      "email":"sampathtalada2003@gmail.com",
      "date":"2023-09-18"
    },
    {
      "product_name": "Green Chillies",
      "product_img": "https://i.ibb.co/5TNxFdB/greenchilli.jpg",
      "product_mrp": "60",
      "product_selling_price": "10",
      "quantity": "1 kg",
      "offer": "2",
      "deliveryCharges": "70",
      "product_type": "Vegetable",
      "discription": "This is fruit",
      "Farmer ID": "FA6050",
      "Product ID": "P2468",
      "id": 37,
      "selected": "1",
      "email":"gsaikumarreddy2006@gmail.com",
      "date":"2023-09-11"
    },
    {
      "product_name": "Green Grapes",
      "product_img": "https://i.ibb.co/myWjhcc/greengrapes.jpg",
      "product_mrp": "120",
      "product_selling_price": "150",
      "quantity": "1 kg",
      "offer": "1",
      "deliveryCharges": "150",
      "product_type": "Fruit",
      "discription": "This is fruit",
      "Farmer ID": "FA6050",
      "Product ID": "P1357",
      "id": 38,
      "selected": "1",
      "email":"gsaikumarreddy2006@gmail.com",
      "date":"2024-09-01"
    },
    {
      "product_name": "Green Mango",
      "product_img": "https://i.ibb.co/wQkWDH1/greenmango.jpg",
      "product_mrp": "80",
      "product_selling_price": "340",
      "quantity": "1 kg",
      "offer": "10",
      "deliveryCharges": "70",
      "product_type": "Fruit",
      "discription": "This is fruit",
      "Farmer ID": "FA6050",
      "Product ID": "P9753",
      "id": 39,
      "selected": "1",
      "email":"gsaikumarreddy2006@gmail.com",
      "date":"2023-06-11"
    },
    {
      "product_name": "Green Peas",
      "product_img": "https://i.ibb.co/s3NvBNY/greenpeas.jpg",
      "product_mrp": "90",
      "product_selling_price": "99",
      "quantity": "1 kg",
      "offer": "11",
      "deliveryCharges": "70",
      "product_type": "Vegetable",
      "discription": "This is fruit",
      "Farmer ID": "FA4814",
      "Product ID": "P8642",
      "id": 40,
      "selected": "1",
      "email":"gsaikumarreddy2006@gmail.com",
      "date":"2023-09-29"
    },
    {
      "product_name": "Guava",
      "product_img": "https://i.ibb.co/Zgk8jB0/guava.jpg",
      "product_mrp": "60",
      "product_selling_price": "50",
      "quantity": "1 kg",
      "offer": "2",
      "deliveryCharges": "100",
      "product_type": "Fruit",
      "discription": "This is fruit",
      "Farmer ID": "FA6050",
      "Product ID": "P7531",
      "id": 41,
      "selected": "1",
      "email":"gsaikumarreddy2006@gmail.com",
      "date":"2023-09-24"
    },
    {
      "product_name": "Hybrid Watermelon",
      "product_img": "https://i.ibb.co/X8NtQTy/hybridwatermelon.png",
      "product_mrp": "100",
      "product_selling_price": "199",
      "quantity": "1 kg",
      "offer": "5",
      "deliveryCharges": "150",
      "product_type": "Fruit",
      "discription": "This is fruit",
      "Farmer ID": "FA2723",
      "Product ID": "P6420",
      "id": 42,
      "selected": "1",
      "email":"gsaikumarreddy2006@gmail.com",
      "date":"2023-10-04"
    },
    {
      "product_name": "Jack Fruit",
      "product_img": "https://i.ibb.co/YNpQ1st/jackfruit.jpg",
      "product_mrp": "140",
      "product_selling_price": "650",
      "quantity": "1 kg",
      "offer": "6",
      "deliveryCharges": "450",
      "product_type": "Fruit",
      "discription": "This is fruit",
      "Farmer ID": "FA8527",
      "Product ID": "P1337",
      "id": 43,
      "selected": "1",
      "email":"Yasho2003@gmail.com",
      "date":"2023-08-11"

    },
   
    {
      "product_name": "Ladys Finger",
      "product_img": "https://i.ibb.co/SPGZCjp/ladysfinger.jpg",
      "product_mrp": "40",
      "product_selling_price": "17",
      "quantity": "1 kg",
      "offer": "3",
      "deliveryCharges": "150",
      "product_type": "Vegetable",
      "discription": "This is fruit",
      "Farmer ID": "FA3343",
      "Product ID": "P4747",
      "id": 45,
      "selected": "1",
      "email":"Yasho2003@gmail.com",
      "date":"2023-07-11"
    },
    {
      "product_name": "Lemon",
      "product_img": "https://i.ibb.co/6rrNBqw/lemon.jpg",
      "product_mrp": "30",
      "product_selling_price": "14",
      "quantity": "1 kg",
      "offer": "1",
      "deliveryCharges": "100",
      "product_type": "Vegetable",
      "discription": "This is fruit",
      "Farmer ID": "FA4814",
      "Product ID": "P6669",
      "id": 46,
      "selected": "1",
      "email":"Yasho2003@gmail.com",
      "date":"2023-08-12"
    },
    {
      "product_name": "Mango",
      "product_img": "https://i.ibb.co/6y5bYRw/mango.jpg",
      "product_mrp": "130",
      "product_selling_price": "255",
      "quantity": "1 kg",
      "offer": "5",
      "deliveryCharges": "150",
      "product_type": "Fruit",
      "discription": "This is fruit",
      "Farmer ID": "FA2723",
      "Product ID": "P8686",
      "id": 47,
      "selected": "1",
      "email":"Yasho2003@gmail.com",
      "date":"2023-08-13"
    },
    {
      "product_name": "Mushroom",
      "product_img": "https://i.ibb.co/8Y1b8mz/mushroom.jpg",
      "product_mrp": "200",
      "product_selling_price": "380",
      "quantity": "1 kg",
      "offer": "1",
      "deliveryCharges": "100",
      "product_type": "Vegetable",
      "discription": "This is fruit",
      "Farmer ID": "FA4814",
      "Product ID": "P5151",
      "id": 48,
      "selected": "1",
      "email":"Yasho2003@gmail.com",
      "date":"2023-08-19"
    },
    {
      "product_name": "Muskmelon",
      "product_img": "https://i.ibb.co/nLy4fsT/muskmelon.jpg",
      "product_mrp": "80",
      "product_selling_price": "340",
      "quantity": "1 kg",
      "offer": "2",
      "deliveryCharges": "70",
      "product_type": "Fruit",
      "discription": "This is fruit",
      "Farmer ID": "FA3343",
      "Product ID": "P1515",
      "id": 49,
      "selected": "1",
      "email":"Yasho2003@gmail.com",
      "date":"2023-08-22"
    },
    {
      "product_name": "Onion",
      "product_img": "https://i.ibb.co/qdQ8kgd/onion.jpg",
      "product_mrp": "45",
      "product_selling_price": "45",
      "quantity": "1 kg",
      "offer": "1",
      "deliveryCharges": "150",
      "product_type": "Vegetable",
      "discription": "This is fruit",
      "Farmer ID": "FA4814",
      "Product ID": "P9191",
      "id": 50,
      "selected": "1",
      "email":"Yasho2003@gmail.com",
      "date":"2023-08-29"
    },
    {
      "product_name": "Orange",
      "product_img": "https://i.ibb.co/5xLHzpt/orange.jpg",
      "product_mrp": "120",
      "product_selling_price": "199",
      "quantity": "1 kg",
      "offer": "6",
      "deliveryCharges": "100",
      "product_type": "Fruit",
      "discription": "This is fruit",
      "Farmer ID": "FA8527",
      "Product ID": "P1950",
      "id": 51,
      "selected": "1",
      "email":"Yasho2003@gmail.com",
      "date":"2023-07-30"
    },
    {
      "product_name": "Papaya",
      "product_img": "https://i.ibb.co/5KvZWr1/papaya.jpg",
      "product_mrp": "100",
      "product_selling_price": "99",
      "quantity": "1 kg",
      "offer": "7",
      "deliveryCharges": "65",
      "product_type": "Fruit",
      "discription": "This is fruit",
      "Farmer ID": "FA2723",
      "Product ID": "P2050",
      "id": 52,
      "selected": "1",
      "email":"Saihari2003@gmail.com",
      "date":"2023-08-16"
    },
    {
      "product_name": "Pear",
      "product_img": "https://i.ibb.co/Qkfk3NR/pear.jpg",
      "product_mrp": "160",
      "product_selling_price": "345",
      "quantity": "1 kg",
      "offer": "1",
      "deliveryCharges": "65",
      "product_type": "Fruit",
      "discription": "This is fruit",
      "Farmer ID": "FA8527",
      "Product ID": "P2250",
      "id": 54,
      "selected": "1",
      "email":"Saihari2003@gmail.com",
      "date":"2023-08-17"
    },
    {
      "product_name": "Pomegranate",
      "product_img": "https://i.ibb.co/R9rPyJQ/pomegranate.jpg",
      "product_mrp": "200",
      "product_selling_price": "200",
      "quantity": "1 kg",
      "offer": "4",
      "deliveryCharges": "65",
      "product_type": "Fruit",
      "discription": "This is fruit",
      "Farmer ID": "FA3343",
      "Product ID": "P2550",
      "id": 57,
      "selected": "1",
      "email":"Saihari2003@gmail.com",
      "date":"2023-08-19"
    },
    {
      "product_name": "Potato",
      "product_img": "https://i.ibb.co/j4FTnsZ/potato.jpg",
      "product_mrp": "50",
      "product_selling_price": "50",
      "quantity": "1 kg",
      "offer": "1",
      "deliveryCharges": "65",
      "product_type": "Vegetable",
      "discription": "This is fruit",
      "Farmer ID": "FA2723",
      "Product ID": "P2650",
      "id": 58,
      "selected": "1",
      "email":"Saihari2003@gmail.com",
      "date":"2023-08-23"
    },
    {
      "product_name": "Pumpkin",
      "product_img": "https://i.ibb.co/BG0Dd3H/pumpkin.jpg",
      "product_mrp": "450",
      "product_selling_price": "440",
      "quantity": "4 kg",
      "offer": "6",
      "deliveryCharges": "150",
      "product_type": "Vegetable",
      "discription": "This is fruit",
      "Farmer ID": "FA6050",
      "Product ID": "P2750",
      "id": 59,
      "selected": "1",
      "email":"Saihari2003@gmail.com",
      "date":"2024-01-01"
    },
    {
      "product_name": "Radish",
      "product_img": "https://i.ibb.co/Jnb1M7S/radish.jpg",
      "product_mrp": "40",
      "product_selling_price": "15",
      "quantity": "1 kg",
      "offer": "1",
      "deliveryCharges": "65",
      "product_type": "Vegetable",
      "discription": "This is fruit",
      "Farmer ID": "FA3343",
      "Product ID": "P2850",
      "id": 60,
      "selected": "1",
      "email":"Saihari2003@gmail.com",
      "date":"2024-01-03"
    },
    {
      "product_name": "Red Capsicum",
      "product_img": "https://i.ibb.co/7zz1KG4/redcapsicum.jpg",
      "product_mrp": "40",
      "product_selling_price": "25",
      "quantity": "1 kg",
      "offer": "1",
      "deliveryCharges": "50",
      "product_type": "Vegetable",
      "discription": "This is fruit",
      "Farmer ID": "FA3343",
      "Product ID": "P2950",
      "id": 61,
      "selected": "1",
      "email":"Saihari2003@gmail.com",
      "date":"2024-01-04"
    },
    {
      "product_name": "Red Chillies",
      "product_img": "https://i.ibb.co/nwGnCr8/redchilli.jpg",
      "product_mrp": "50",
      "product_selling_price": "25",
      "quantity": "1 kg",
      "offer": "2",
      "deliveryCharges": "100",
      "product_type": "Vegetable",
      "discription": "This is fruit",
      "Farmer ID": "FA8527",
      "Product ID": "P3050",
      "id": 62,
      "selected": "1",
      "email":"saikumarreddy.g21@iiits.in",
      "date":"2023-09-01"
    },
    {
      "product_name": "Sapota",
      "product_img": "https://i.ibb.co/RQGgCzw/sapota.png",
      "product_mrp": "70",
      "product_selling_price": "199",
      "quantity": "1 kg",
      "offer": "10",
      "deliveryCharges": "150",
      "product_type": "Fruit",
      "discription": "This is fruit",
      "Farmer ID": "FA4814",
      "Product ID": "P3150",
      "id": 63,
      "selected": "1",
      "email":"saikumarreddy.g21@iiits.in",
      "date":"2023-09-02"
    },
    {
      "product_name": "Tomato",
      "product_img": "https://i.ibb.co/gSWLf8x/tomato.jpg",
      "product_mrp": "50",
      "product_selling_price": "35",
      "quantity": "1 kg",
      "offer": "1",
      "deliveryCharges": "100",
      "product_type": "Vegetable",
      "discription": "This is fruit",
      "Farmer ID": "FA3343",
      "Product ID": "P3350",
      "id": 65,
      "selected": "1",
      "email":"saikumarreddy.g21@iiits.in",
      "date":"2023-09-05"
    },
    {
      "product_name": "Watermelon",
      "product_img": "https://i.ibb.co/F80cywz/watermelon.jpg",
      "product_mrp": "80",
      "product_selling_price": "180",
      "quantity": "1 kg",
      "offer": "1",
      "deliveryCharges": "50",
      "product_type": "Fruit",
      "discription": "This is fruit",
      "Farmer ID": "FA6050",
      "Product ID": "P3450",
      "id": 66,
      "selected": "1",
      "email":"saikumarreddy.g21@iiits.in",
      "date":"2023-09-06"
    },
    {
      "product_name": "HTP High-Pressure Spray Gun",
      "product_img": "https://i.ibb.co/zXgHZyc/m1.jpg",
      "product_mrp": "3000",
      "product_selling_price": "2999",
      "quantity": "1",
      "offer": "2",
      "deliveryCharges": "100",
      "product_type": "HTP Machines",
      "discription": "This is a Machine",
      "SA ID": "SA2600",
      "Product ID": "P1000",
      "id": 67,
      "selected": "1",
      "email":"sampathtalada2004@gmail.com",
      "date":"2023-08-01"
    },
    {
      "product_name": "HTP Pro Series HVLP Spray Gun",
      "product_img": "https://i.ibb.co/SyX2Kdw/m2.webp",
      "product_mrp": "2000",
      "product_selling_price": "1999",
      "quantity": "1",
      "offer": "12",
      "deliveryCharges": "200",
      "product_type": "HTP Machines",
      "discription": "This is a Machine",
      "SA ID": "SA0841",
      "Product ID": "P2001",
      "id": 68,
      "selected": "1",
      "email":"sampathtalada2004@gmail.com",
      "date":"2023-08-03"
    },
    {
      "product_name": "HTP Texture Spray Gun",
      "product_img": "https://i.ibb.co/PgpjWj0/m3.webp",
      "product_mrp": "4000",
      "product_selling_price": "14500",
      "quantity": "1",
      "offer": "4",
      "deliveryCharges": "350",
      "product_type": "HTP Machines",
      "discription": "This is a Machine",
      "SA ID": "SA2600",
      "Product ID": "P3002",
      "id": 69,
      "selected": "1",
      "email":"sampathtalada2004@gmail.com",
      "date":"2023-08-05"
    },
    {
      "product_name": "HTP K20 Remak",
      "product_img": "https://i.ibb.co/51Ck64W/m4.webp",
      "product_mrp": "4500",
      "product_selling_price": "12300",
      "quantity": "1",
      "offer": "5",
      "deliveryCharges": "780",
      "product_type": "HTP Machines",
      "discription": "This is a Machine",
      "SA ID": "SA5307",
      "Product ID": "P4003",
      "id": 70,
      "selected": "1",
      "email":"sampathtalada2004@gmail.com",
      "date":"2023-08-07"
    },
    {
      "product_name": "HTP Gravity-Feed HVLP Spray Gun",
      "product_img": "https://i.ibb.co/nMXjS9D/m5.webp",
      "product_mrp": "4000",
      "product_selling_price": "8700",
      "quantity": "1",
      "offer": "10",
      "deliveryCharges": "500",
      "product_type": "HTP Machines",
      "discription": "This is a Machine",
      "SA ID": "SA4840",
      "Product ID": "P5004",
      "id": 71,
      "selected": "1",
      "email":"sampathtalada2004@gmail.com",
      "date":"2023-08-09"
    },
    {
      "product_name": "HTP 8000 RP Spray Gun",
      "product_img": "https://i.ibb.co/9g6tyFV/m6.webp",
      "product_mrp": "3500",
      "product_selling_price": "7799",
      "quantity": "1",
      "offer": "10",
      "deliveryCharges": "450",
      "product_type": "HTP Machines",
      "discription": "This is a Machine",
      "SA ID": "SA4840",
      "Product ID": "P6005",
      "id": 72,
      "selected": "1",
      "email":"sampathtalada2004@gmail.com",
      "date":"2023-08-11"
    },
    {
      "product_name": "HTP Airless Paint Sprayer",
      "product_img": "https://i.ibb.co/CBg8mGq/m7.jpg",
      "product_mrp": "3450",
      "product_selling_price": "3449",
      "quantity": "1",
      "offer": "15",
      "deliveryCharges": "350",
      "product_type": "HTP Machines",
      "discription": "This is a Machine",
      "SA ID": "SA5216",
      "Product ID": "P7006",
      "id": 73,
      "selected": "1",
      "email":"gsaikumarreddy2004@gmail.com",
      "date":"2023-08-13"
    },
    {
      "product_name": "HTP Siphon-Feed HVLP Spray Gun",
      "product_img": "https://i.ibb.co/hgQPzXy/m8.webp",
      "product_mrp": "4000",
      "product_selling_price": "9250",
      "quantity": "1",
      "offer": "5",
      "deliveryCharges": "1000",
      "product_type": "HTP Machines",
      "discription": "This is a Machine",
      "SA ID": "SA0841",
      "Product ID": "P8007",
      "id": 74,
      "selected": "1",
      "email":"gsaikumarreddy2004@gmail.com",
      "date":"2023-08-14"
    },
    {
      "product_name": "Ammonium Sulphate",
      "product_img": "https://i.ibb.co/HCBQf0t/am.webp",
      "product_mrp": "4200",
      "product_selling_price": "8700",
      "quantity": "20 kg",
      "offer": "2",
      "deliveryCharges": "200",
      "product_type": "Organic Fertilizer",
      "discription": "This is a Fertilizer",
      "SA ID": "SA2600",
      "Product ID": "P9008",
      "id": 75,
      "selected": "1",
      "email":"gsaikumarreddy2004@gmail.com",
      "date":"2023-08-15"
    },
    {
      "product_name": "Ammonium Nitrate",
      "product_img": "https://i.ibb.co/x5VSx2W/Ammonium-Nitrate.jpg",
      "product_mrp": "1200",
      "product_selling_price": "1100",
      "quantity": "3 Liter",
      "offer": "2",
      "deliveryCharges": "300",
      "product_type": "Organic Fertilizer",
      "discription": "This is a Fertilizer",
      "SA ID": "SA5307",
      "Product ID": "P1010",
      "id": 76,
      "selected": "1",
      "email":"gsaikumarreddy2004@gmail.com",
      "date":"2023-08-17"
    },
    {
      "product_name": "Imported Mahadhan Fertilizer",
      "product_img": "https://i.ibb.co/m0gTWTz/can.webp",
      "product_mrp": "1450",
      "product_selling_price": "1449",
      "quantity": "5 kg",
      "offer": "3",
      "deliveryCharges": "400",
      "product_type": "Organic Fertilizer",
      "discription": "This is a Fertilizer",
      "SA ID": "SA0878",
      "Product ID": "P2020",
      "id": 77,
      "selected": "1",
      "email":"gsaikumarreddy2004@gmail.com",
      "date":"2023-08-19"
    },
    {
      "product_name": "Katyayani Organic Compose",
      "product_img": "https://i.ibb.co/qpL801D/katyayani.jpg",
      "product_mrp": "2500",
      "product_selling_price": "2500",
      "quantity": "5 Liter",
      "offer": "4",
      "deliveryCharges": "500",
      "product_type": "Organic Fertilizer",
      "discription": "This is a Fertilizer",
      "SA ID": "SA4840",
      "Product ID": "P3030",
      "id": 78,
      "selected": "1",
      "email":"ashrafalikareem024@gmail.com",
      "date":"2023-08-20"
    },
    {
      "product_name": "Neem Oil Fertilizer",
      "product_img": "https://i.ibb.co/Dgn8xVD/neemoil.jpg",
      "product_mrp": "4500",
      "product_selling_price": "4500",
      "quantity": "8 Liter",
      "offer": "5",
      "deliveryCharges": "150",
      "product_type": "Organic Fertilizer",
      "discription": "This is a Fertilizer",
      "SA ID": "SA0841",
      "Product ID": "P4040",
      "id": 79,
      "selected": "1",
      "email":"ashrafalikareem024@gmail.com",
      "date":"2023-08-21"
    },
    {
      "product_name": "Monterey Garden Insect Spray",
      "product_img": "https://i.ibb.co/D4sVcLp/spinosad.jpg",
      "product_mrp": "3000",
      "product_selling_price": "2900",
      "quantity": "4 Liter",
      "offer": "8",
      "deliveryCharges": "350",
      "product_type": "Organic Fertilizer",
      "discription": "This is a Fertilizer",
      "SA ID": "SA5216",
      "Product ID": "P5050",
      "id": 80,
      "selected": "1",
      "email":"ashrafalikareem024@gmail.com",
      "date":"2023-08-22"
    },
    {
      "product_name": "Urea",
      "product_img": "https://i.ibb.co/Wxsv9ty/uan.webp",
      "product_mrp": "800",
      "product_selling_price": "1900",
      "quantity": "30 kg",
      "offer": "15",
      "deliveryCharges": "450",
      "product_type": "Organic Fertilizer",
      "discription": "This is a Fertilizer",
      "SA ID": "SA2600",
      "Product ID": "P6060",
      "id": 81,
      "selected": "1",
      "email":"ashrafalikareem024@gmail.com",
      "date":"2023-08-23"
    },
    {
      "product_name": "Urea Methanol K12",
      "product_img": "https://i.ibb.co/N2kXfqV/urea.jpg",
      "product_mrp": "1000",
      "product_selling_price": "999",
      "quantity": "30 kg",
      "offer": "10",
      "deliveryCharges": "200",
      "product_type": "Organic Fertilizer",
      "discription": "This is a Fertilizer",
      "SA ID": "SA5307",
      "Product ID": "P7070",
      "id": 82,
      "selected": "1",
      "email":"ashrafalikareem024@gmail.com",
      "date":"2023-08-24"
    },
    {
      "product_name": "Carrot K10 Seeds",
      "product_img": "https://i.ibb.co/3CLXHHq/carrot-seeds.webp",
      "product_mrp": "800",
      "product_selling_price": "999",
      "quantity": "1 kg",
      "offer": "1",
      "deliveryCharges": "150",
      "product_type": "Seeds",
      "discription": "This is a Seed",
      "SA ID": "SA4840",
      "Product ID": "P8080",
      "id": 83,
      "selected": "1",
      "email":"suhasn2003@gmail.com",
      "date":"2023-08-25"
    },
    {
      "product_name": "Corn C12 Seeds",
      "product_img": "https://i.ibb.co/Yy6MwfD/corn.jpg",
      "product_mrp": "900",
      "product_selling_price": "1999",
      "quantity": "2 kg",
      "offer": "1",
      "deliveryCharges": "200",
      "product_type": "Seeds",
      "discription": "This is a Seed",
      "SA ID": "SA5216",
      "Product ID": "P9090",
      "id": 84,
      "selected": "1",
      "email":"suhasn2003@gmail.com",
      "date":"2023-08-26"
    },
    {
      "product_name": "Cotton Seeds",
      "product_img": "https://i.ibb.co/KWFsC9m/cotton-seeds.png",
      "product_mrp": "500",
      "product_selling_price": "500",
      "quantity": "1 kg",
      "offer": "1",
      "deliveryCharges": "450",
      "product_type": "Seeds",
      "discription": "This is a Seed",
      "SA ID": "SA2600",
      "Product ID": "P1111",
      "id": 85,
      "selected": "1",
      "email":"suhasn2003@gmail.com",
      "date":"2023-08-27"
    },
    {
      "product_name": "Rice P90 ",
      "product_img": "https://i.ibb.co/7v4fX1c/rice.webp",
      "product_mrp": "1350",
      "product_selling_price": "330",
      "quantity": "30 kg",
      "offer": "1",
      "deliveryCharges": "80",
      "product_type": "Seeds",
      "discription": "This is a Seed",
      "SA ID": "SA5307",
      "Product ID": "P2222",
      "id": 86,
      "selected": "1",
      "email":"suhasn2003@gmail.com",
      "date":"2023-08-28"
    },
    {
      "product_name": "Rice P122 ",
      "product_img": "https://i.ibb.co/MMCZDQv/rice1.webp",
      "product_mrp": "1200",
      "product_selling_price": "195",
      "quantity": "30 kg",
      "offer": "2",
      "deliveryCharges": "900",
      "product_type": "Seeds",
      "discription": "This is a Seed",
      "SA ID": "SA0841",
      "Product ID": "P3333",
      "id": 87,
      "selected": "1",
      "email":"suhasn2003@gmail.com",
      "date":"2023-08-29"
    },
    

    {
      "product_name": "Eggs",
      "product_img": "https://i.ibb.co/GTnY03d/eggs.jpg",
      "product_mrp": "100",
      "product_selling_price": "150",
      "quantity": "12 Eggs",
      "offer": "0",
      "deliveryCharges": "450",
      "product_type": "Dairy/Meat",
      "discription": "This is Meat",
      "Farmer ID": "FA4814",
      "Product ID": "P2323",
      "id": 5,
      "selected": "1",
      "email":"sampathtalada2003@gmail.com",
      "date":"2023-08-26"
    },
    {
      "product_name": "Fish",
      "product_img": "https://i.ibb.co/wLVMYPq/fish.png",
      "product_mrp": "450",
      "product_selling_price": "1400",
      "quantity": "2 kg",
      "offer": "2",
      "deliveryCharges": "450",
      "product_type": "Dairy/Meat",
      "discription": "This is Meat",
      "Farmer ID": "FA6050",
      "Product ID": "P4545",
      "id": 7,
      "selected": "1",
      "email":"sampathtalada2003@gmail.com",
      "date":"2023-08-27"
    },


    {
      "product_name": "Milk",
      "product_img": "https://i.ibb.co/c3M9VQy/milk.png",
      "product_mrp": "80",
      "product_selling_price": "99",
      "quantity": "1 Liter",
      "offer": "1",
      "deliveryCharges": "120",
      "product_type": "Dairy/Meat",
      "discription": "This is Meat",
      "Farmer ID": "FA3343",
      "Product ID": "P7878",
      "id": 10,
      "selected": "1",
      "email":"sampathtalada2003@gmail.com",
      "date":"2023-08-28"
    },
    

    {
      "product_name": "Banana",
      "product_img": "https://i.ibb.co/YdbHPgn/banana.jpg",
      "product_mrp": "70",
      "product_selling_price": "99",
      "quantity": "12 pices",
      "offer": "1",
      "deliveryCharges": "100",
      "product_type": "Fruit",
      "discription": "This is fruit",
      "Farmer ID": "FA4814",
      "Product ID": "P9101",
      "id": 21,
      "selected": "1",
      "email":"sampathtalada2003@gmail.com",
      "date":"2023-08-29"
    }
  ]
